{"cameraMode":{"drawMode":0,"name":"Shaded","section":"Shading Mode"},"sceneLighting":false,"audioPlay":false,"sceneViewState":{"m_AlwaysRefresh":false,"showFog":true,"showSkybox":false,"showFlares":true,"showImageEffects":true,"showParticleSystems":true,"showVisualEffectGraphs":true,"m_FxEnabled":true},"in2DMode":false,"pivot":{"x":-2.4502689838409426,"y":0.9666891098022461,"z":0.4212265610694885},"rotation":{"x":-0.013196999207139016,"y":0.9816184639930725,"z":-0.17558448016643525,"w":-0.07375939935445786},"size":2.0158863067626955,"orthographic":false}