{"cameraMode":{"drawMode":0,"name":"Shaded","section":"Shading Mode"},"sceneLighting":true,"audioPlay":false,"sceneViewState":{"m_AlwaysRefresh":false,"showFog":true,"showSkybox":true,"showFlares":true,"showImageEffects":true,"showParticleSystems":true,"showVisualEffectGraphs":true,"m_FxEnabled":true},"in2DMode":false,"pivot":{"x":-0.6982429027557373,"y":0.22080722451210023,"z":-1.1038624048233033},"rotation":{"x":0.008369781076908112,"y":-0.7165369391441345,"z":0.008598817512392998,"w":0.6974468231201172},"size":1.055504560470581,"orthographic":true}