{"cameraMode":{"drawMode":0,"name":"Shaded","section":"Shading Mode"},"sceneLighting":true,"audioPlay":false,"sceneViewState":{"m_AlwaysRefresh":false,"showFog":true,"showSkybox":true,"showFlares":true,"showImageEffects":true,"showParticleSystems":true,"showVisualEffectGraphs":true,"m_FxEnabled":true},"in2DMode":false,"pivot":{"x":8.39492416381836,"y":1.0915404558181763,"z":-132.94058227539063},"rotation":{"x":0.0006095135468058288,"y":-0.9952898621559143,"z":0.09674478322267533,"w":0.006266266573220491},"size":3.382636785507202,"orthographic":false}