{"cameraMode":{"drawMode":0,"name":"Shaded","section":"Shading Mode"},"sceneLighting":true,"audioPlay":false,"sceneViewState":{"m_AlwaysRefresh":false,"showFog":true,"showSkybox":true,"showFlares":true,"showImageEffects":true,"showParticleSystems":true,"showVisualEffectGraphs":true,"m_FxEnabled":true},"in2DMode":false,"pivot":{"x":2.5675430297851564,"y":0.5001435279846191,"z":-128.99343872070313},"rotation":{"x":0.07653017342090607,"y":-0.8324788212776184,"z":0.11892632395029068,"w":0.5357043743133545},"size":3.382636785507202,"orthographic":false}