{"cameraMode":{"drawMode":0,"name":"Shaded","section":"Shading Mode"},"sceneLighting":true,"audioPlay":false,"sceneViewState":{"m_AlwaysRefresh":false,"showFog":true,"showSkybox":true,"showFlares":true,"showImageEffects":true,"showParticleSystems":true,"showVisualEffectGraphs":true,"m_FxEnabled":true},"in2DMode":false,"pivot":{"x":1.5185575485229493,"y":-0.987075686454773,"z":0.10136520862579346},"rotation":{"x":0.1531098335981369,"y":0.6739206910133362,"z":-0.14575710892677308,"w":0.7079237699508667},"size":2.443751335144043,"orthographic":true}