{"cameraMode":{"drawMode":0,"name":"Shaded","section":"Shading Mode"},"sceneLighting":true,"audioPlay":false,"sceneViewState":{"m_AlwaysRefresh":false,"showFog":true,"showSkybox":true,"showFlares":true,"showImageEffects":true,"showParticleSystems":true,"showVisualEffectGraphs":true,"m_FxEnabled":true},"in2DMode":false,"pivot":{"x":28.947731018066408,"y":-144.3472137451172,"z":-541.0081176757813},"rotation":{"x":0.007587082218378782,"y":-0.9856826066970825,"z":0.16200128197669984,"w":0.046160031110048297},"size":291.71942138671877,"orthographic":false}