{"cameraMode":{"drawMode":0,"name":"Shaded","section":"Shading Mode"},"sceneLighting":false,"audioPlay":false,"sceneViewState":{"m_AlwaysRefresh":false,"showFog":true,"showSkybox":false,"showFlares":true,"showImageEffects":true,"showParticleSystems":true,"showVisualEffectGraphs":true,"m_FxEnabled":true},"in2DMode":false,"pivot":{"x":-6.394014358520508,"y":0.7304185628890991,"z":0.42122650146484377},"rotation":{"x":-0.013196999207139016,"y":0.9816184639930725,"z":-0.17558448016643525,"w":-0.07375939935445786},"size":2.803476572036743,"orthographic":false}