{"cameraMode":{"drawMode":0,"name":"Shaded","section":"Shading Mode"},"sceneLighting":false,"audioPlay":false,"sceneViewState":{"m_AlwaysRefresh":false,"showFog":true,"showSkybox":false,"showFlares":true,"showImageEffects":true,"showParticleSystems":true,"showVisualEffectGraphs":true,"m_FxEnabled":true},"in2DMode":false,"pivot":{"x":0.48887187242507937,"y":0.11168238520622254,"z":-2.0620970726013185},"rotation":{"x":-0.04777968302369118,"y":0.9039432406425476,"z":-0.10487216711044312,"w":-0.411835253238678},"size":2.659738063812256,"orthographic":false}